Transaction Date,Bank Reference Number,Transaction Details,PAYEE,Money Out,Money In,Ledger Balance
 22.04.2026, , BALANCE B/FWD,, 0.00, 0.00," 463,330.31"
 22.04.2026, FT26112X7R1Y, Bank to mobile charge   AC-KES1452600060001,, -76.25, 0.00," 463,254.06"
 22.04.2026, FT26112X7R1Y, Bank to Mobile  254721260729-Forklift charges Hopper scale offloading-KOFC,Kivutha," -42,500.00", 0.00," 420,754.06"
 22.04.2026, FT26112KPHLM, Bank to mobile charge   AC-KES1452600060001,, -76.25, 0.00," 420,677.81"
 22.04.2026, FT26112KPHLM, Bank to Mobile  254706721978-Labour gate fabricati MOBEE BANK MPESA SUSPENSE NO 006,Denish Odingo," -25,000.00", 0.00," 395,677.81"
 22.04.2026, FT26112D0HF3, Bank to mobile charge   AC-KES1452600060001,, -76.25, 0.00," 395,601.56"
 22.04.2026, FT26112D0HF3, Bank to Mobile  254729288966-Milimani Borehole Ins MOBEE BANK MPESA SUSPENSE NO 006,," -50,000.00", 0.00," 345,601.56"
 22.04.2026, FT26112TFZ75, Bank to mobile charge   AC-KES1452600060001,, -76.25, 0.00," 345,525.31"
 22.04.2026, FT26112TFZ75, Bank to Mobile  254706721978-Labour Masons casuals MOBEE BANK MPESA SUSPENSE NO 006,Denish Odingo," -55,700.00", 0.00," 289,825.31"
 22.04.2026, FT261121FRQT, Pesalink Charge   AC-KES1400537110001,, -60.60, 0.00," 289,764.71"
 22.04.2026, FT261121FRQT, Pesalink Outgoi PaymentDetails2 Purchase of cement 31bags Wall pro iBANK PESALINK SUSPENSE ACCOUNT,Denish Odingo," -31,500.00", 0.00," 258,264.71"
 22.04.2026, FT26112GK19D, Bank to mobile charge   AC-KES1452600060001,, -26.25, 0.00," 258,238.46"
 22.04.2026, FT26112GK19D, Bank to Mobile  254727997531-Inspector facilitatio MOBEE BANK MPESA SUSPENSE NO 006,Ann Mwangi," -2,000.00", 0.00," 256,238.46"
 22.04.2026, FT26112TJ94N, Transfer 8877900 MPESA UDM8Z1M2YG 254721817174 JOAB /,Joab, 0.00," 22,300.00"," 278,538.46"
 22.04.2026, FT26112Y3HDJ, Bank to mobile charge   AC-KES1452600060001,, -76.25, 0.00," 278,462.21"
 22.04.2026, FT26112Y3HDJ, Bank to Mobile  254723112578-Transport of Hoppersc -KOFC,Litu Containers," -75,000.00", 0.00," 203,462.21"
 22.04.2026, FT26112YT1XK, Bank to mobile charge   AC-KES1452600060001,, -76.25, 0.00," 203,385.96"
 22.04.2026, FT26112YT1XK, Bank to Mobile  254708802657-Camera poe and cat AE MOBEE BANK MPESA SUSPENSE NO 006,Evan Seda," -38,400.00", 0.00," 164,985.96"
 22.04.2026, FT26112MVN86, Bank to mobile charge   AC-KES1452600060001,, -76.25, 0.00," 164,909.71"
 22.04.2026, FT26112MVN86, Bank to Mobile  254719225734-pettycash MOBEE BANK MPESA SUSPENSE NO 006,Dennis Ngetich," -53,256.00", 0.00," 111,653.71"
 23.04.2026, FT26113DRG7H, Transfer 8877900 MPESA UDNJW1I2OZ 254729941049 OGUT /,Ogutu, 0.00," 12,700.00"," 124,353.71"
 23.04.2026, FT26113RZFCJ, Transfer 8877900 MPESA UDN8Z1SF22 254721817174 JOAB /,Joab, 0.00," 19,300.00"," 143,653.71"
 24.04.2026, FT26114136BR, Transfer 8877900 MPESA UDOJW1M4UA 254729941049 OGUT /,Ogutu, 0.00," 19,200.00"," 162,853.71"
 24.04.2026, FT26114GQ1YZ, Bank to mobile charge   AC-KES1452600060001,, -62.75, 0.00," 162,790.96"
 24.04.2026, FT26114GQ1YZ, Bank to Mobile  254713126516-Weighing Expo China MOBEE BANK MPESA SUSPENSE NO 006,Evans Matunga," -6,000.00", 0.00," 156,790.96"
 24.04.2026, FT26114DG8GR, Bank to mobile charge   AC-KES1452600060001,, -62.75, 0.00," 156,728.21"
 24.04.2026, FT26114DG8GR, Bank to Mobile  254727961878-Per diem KOFC Ramadan MOBEE BANK MPESA SUSPENSE NO 006,Ramadhan Chitechi," -6,000.00", 0.00," 150,728.21"
 24.04.2026, FT26114M1ZHR, Bank to mobile charge   AC-KES1452600060001,, -74.25, 0.00," 150,653.96"
 24.04.2026, FT26114M1ZHR, Bank to Mobile  254720843234-Per diem KOFC Enock MOBEE BANK MPESA SUSPENSE NO 006,Enock Owuour," -8,000.00", 0.00," 142,653.96"
 24.04.2026, FT26114XCQP7, Bank to mobile charge   AC-KES1452600060001,, -74.25, 0.00," 142,579.71"
 24.04.2026, FT26114XCQP7, Bank to Mobile  254723527575-Servicing of KCS 699F MOBEE BANK MPESA SUSPENSE NO 006,Kevin Atsiaya," -11,170.00", 0.00," 131,409.71"
 24.04.2026, FT26114SLMY2, Bank to mobile charge   AC-KES1452600060001,, -76.25, 0.00," 131,333.46"
 24.04.2026, FT26114SLMY2, Bank to Mobile  254723112578-Transport of Hoppersc -KOFC,Litu Containers," -40,000.00", 0.00," 91,333.46"
 29.04.2026, FT261193C780, Transfer Borrowing  Borrowing ONYANGO HENRY ADAR,ONYANGO HENRY ADAR, 0.00," 2,700,000.00"," 2,791,333.46"
 29.04.2026, FT26119NLPXC, SWIFT Charge PROJECT   AC-1319820654,, -575.00, 0.00," 2,790,758.46"
 29.04.2026, FT26119NLPXC,TRANSFER TO SIDIAN BANK,KCB," -2,500,000.00", 0.00," 290,758.46"
 29.04.2026, FT2611942Y6D, Mobi 522522  MPESA UDT6G2DBOT 254729238654 KEI /,, 0.00," 11,000.00"," 301,758.46"
 29.04.2026, FT26119M5LRP, INHouse CHQ000017   BANK-Opeya Prm School,NYATIKE NGCDF, 0.00," 2,315,828.00"," 2,617,586.46"
 29.04.2026, FT26119SQVC3, Transfer Charge P051889248C   AC-1108976298,, -34.50, 0.00," 2,617,551.96"
 29.04.2026, FT26119SQVC3,Weighbridge Clearing charges KRA Taxes-Globetrot,KRA," -278,270.00", 0.00," 2,339,281.96"
 29.04.2026, FT26119PSWK3, Transfer Charge P051889248C   AC-1108976298,, -34.50, 0.00," 2,339,247.46"
 29.04.2026, FT26119PSWK3, BillPay P051889248C QALIBRATED SYSTEMS LIMITED 2020260001982895 KRA COLLECTIONS ACCOUNT,KRA," -427,370.00", 0.00," 1,911,877.46"
 29.04.2026, FT2611902YRZ, Bank to mobile charge   AC-KES1452600060001,, -74.25, 0.00," 1,911,803.21"
 29.04.2026, FT2611902YRZ, Bank to Mobile  254706721978-Labour for Wall proje MOBEE BANK MPESA SUSPENSE NO 006,Denish Odingo," -18,200.00", 0.00," 1,893,603.21"
 29.04.2026, FT261193PZ3N, Bank to mobile charge   AC-KES1452600060001,, -62.75, 0.00," 1,893,540.46"
 29.04.2026, FT261193PZ3N, Bank to Mobile  254711453208-Office suppliers and MOBEE BANK MPESA SUSPENSE NO 006,Dorcas Owuor," -6,000.00", 0.00," 1,887,540.46"
 30.04.2026, FT26120X6TRW, SWIFT Charge PROJECT   AC-1319820654,, -575.00, 0.00," 1,886,965.46"
 30.04.2026, FT26120X6TRW,TRANSFER TO SIDIAN BANK,KCB," -1,700,000.00", 0.00," 186,965.46"
 30.04.2026, FT26120XM4D8, Transfer Charge   AC-PL52044,, -213.00, 0.00," 186,752.46"
 30.04.2026, FT26120XM4D8, Transfer   Biashara Club Subscription Fee,," -1,065.00", 0.00," 185,687.46"
